fold,beta0,beta1,RMSE_mm,MAE_mm,P95AE_mm,MaxAE_mm
1,-0.5275079612137076,0.8817399828021846,2.698342568061903,1.2926304651917508,7.128595221667763,9.013570456587289
2,-0.5172592816858601,0.881713134562183,2.7843572117873205,1.3516739866027712,7.444552351742174,8.978439202614865
3,-0.529981904037531,0.8817471410611402,2.6409290743273846,1.2405066741087034,7.10719915556235,9.081686536724192
4,-0.5294768094533661,0.8817387782682738,2.6202997474141827,1.254823416399828,7.185455262901803,9.07262552284459
5,-0.5217179765196106,0.8816777111400653,2.677505077199183,1.3078054872545273,7.226918227772895,9.569830440961141
