feature,elasticnet_standardized_coef
pore,6.655016170137937
deep,6.0850824719832755
rain,4.727122409494936
micro,2.4354989965144784
pore_deep,-1.9928790600987063
micro6_deep,0.2545874752987262
rain_1h,-0.08835199270751469
micro_6h,-0.06654423046766746
rain24_pore,0.04792911062085366
deep_diff,0.019271352016357723
rain_6h,-0.0
rain_24h,0.0
pore_diff,-0.0
