factor,baseline_RMSE,permutation_RMSE_increase
pore,4.203550205104377,10.071477881801703
deep,4.203550205104377,9.243863470179061
rain,4.203550205104377,3.7787712969105307
micro,4.203550205104377,1.2763303147794058
