feature,gbdt_importance
pore_deep,0.6803876148422495
rain,0.14140090674976655
deep,0.09273083072742652
pore,0.03751576032051376
micro,0.03592091033352029
micro6_deep,0.0024235337468759897
rain24_pore,0.0019375177052606927
deep_diff,0.001926238796736824
pore_diff,0.0017801435448919873
rain_6h,0.0015171147242104453
rain_1h,0.001172875050438518
micro_6h,0.0007603964375693856
rain_24h,0.0005261570205396146
