stage,residual_RMSE_mm,residual_MAE_mm
1,0.19112249332398748,0.13103168789644862
2,0.30201940309539654,0.1487972820361054
3,0.5703553053315084,0.38509144662946254
