stage,increment_mm,knots_tau,knots_displacement_mm
1,19.634,0.000000;0.071429;0.142857;0.214286;0.285714;0.357143;0.428571;0.500000;0.571429;0.642857;0.714286;0.785714;0.857143;0.928571;1.000000,0.000000;1.261378;2.241211;4.016485;4.840398;5.148052;5.186250;5.403576;6.965954;7.268188;8.717865;10.641695;12.788843;14.516869;19.634000
2,58.117000000000004,0.000000;0.071429;0.142857;0.214286;0.285714;0.357143;0.428571;0.500000;0.571429;0.642857;0.714286;0.785714;0.857143;0.928571;1.000000,0.000000;0.113068;6.133724;8.186967;8.300035;8.601333;8.714401;9.107625;9.220693;9.333761;10.165700;10.454839;18.074716;26.797220;58.117000
3,567.4530000000001,0.000000;0.071429;0.142857;0.214286;0.285714;0.357143;0.428571;0.500000;0.571429;0.642857;0.714286;0.785714;0.857143;0.928571;1.000000,0.000000;19.557441;47.733280;87.272794;124.969757;146.685479;240.277384;298.658893;303.905744;305.009738;405.125962;454.531373;495.345762;529.776188;567.453000
