校正前数据x,Huber校正值,bootstrap_CI_lower_2.5%,bootstrap_CI_upper_97.5%,bootstrap_std
7.132,5.762092187373888,5.74886397135796,5.774049166535154,0.006333915057736757
18.526,15.80854446465209,15.795931265310417,15.820044992854465,0.006022198981018092
84.337,73.8361968097421,73.82685490104953,73.84494074073712,0.004396809806783517
123.554,108.41507332001234,108.40719799823293,108.42202058308968,0.0036805230292206075
167.667,147.31090878671176,147.30430776354524,147.3172456071601,0.003298651404438065
