residual_mean_mm,residual_std_mm,abs_residual_fitted_corr,bin_rmse_ratio_max_min,train_RMSE_mm,train_MAE_mm,train_P95AE_mm,train_MaxAE_mm
0.03935033203604606,2.684641586197345,0.0012324218782707376,1.0639330042778712,2.6849299609061585,1.289238567581512,7.201309106025028,9.586332264782754
