model,RMSE_mm,MAE_mm,R2
HistGBDT,4.668022691319923,2.729351199755128,0.8774903116340642
GBDT,4.728395175186737,2.7629702717454854,0.8743009344414363
ElasticNet,4.968935839691927,2.830618434481389,0.8611866304971786
