index,factor,mean,std
2,pore,9.785514576835586,0.4267130230776982
0,deep,8.810757088065305,0.19235808954853642
3,rain,3.3479329938667446,0.3465220629782725
1,micro,1.088304483581804,0.10081805208186598
