stage,sample_count,interval_half_width_mm,empirical_coverage,mean_abs_residual_mm,p90_abs_residual_mm
1,6395,0.6320414257782114,0.9377638780297107,0.31228656925039977,0.570881980456475
2,2458,9.508661646635511,0.8999186330349878,8.220615086124404,9.508661646635511
3,1147,16.063231460906607,0.8997384481255449,10.18603549619493,16.063231460906607
overall,10000,8.73464484444011,0.9241,3.388672720618568,4.544760707810912
