stage,count,lead_time_median_h,lead_time_min_h,lead_time_max_h
1,6,12.955617817381523,11.422040004340708,14.97612793141252
2,25,5.40113300331566,0.21075549760428558,21.165286369624447
3,3,2.833151370190034,1.12013022324971,4.559345834980125
