stage,q75_range,q90_range,q95_range,window_count
1,0.016938492493302704,0.2889224268833077,0.9781240737866117,4
2,0.03655936360259471,0.019492350134447278,0.004674778647476785,4
3,0.0038623112230720125,0.039427494454503886,0.050410793596221026,4
